Species_no,Family_name,Species_name_0,Species_name_1,Space_level,Function_group,Species_code,Clonality,Space_code,Replicates,Root_mass,Shoot_mass,Total_mass,Tmass_per_vol,Rmass_per_vol,RM_ratio,RS_ratio,No_leaf,No_ramet,Stem_length,Aboveground_mass_veg,Flower_mass
1,Compositae,Cichorium,intybus,a,forb,Cic,clonal,H60D15,1,2.99,10.94,13.93,1.313794582,0.281998981,0.214644652,0.273308958,18,,,10.94,
1,Compositae,Cichorium,intybus,a,forb,Cic,clonal,H60D15,2,,,,,,,,,,,,
1,Compositae,Cichorium,intybus,a,forb,Cic,clonal,H60D15,3,2.22,14.39,16.61,1.56655621,0.209377169,0.133654425,0.154273801,30,,,14.39,
1,Compositae,Cichorium,intybus,a,forb,Cic,clonal,H60D15,4,2.29,3.57,5.86,0.552680276,0.215979152,0.390784983,0.641456583,27,,,3.57,
1,Compositae,Cichorium,intybus,a,forb,Cic,clonal,H60D15,5,1.17,8.4,9.57,0.902585366,0.110347427,0.122257053,0.139285714,15,,,8.4,
1,Compositae,Cichorium,intybus,a,forb,Cic,clonal,H60D15,6,1.02,5.11,6.13,0.578145067,0.096200321,0.16639478,0.199608611,16,,,5.11,
1,Compositae,Cichorium,intybus,b,forb,Cic,clonal,H15D30,1,,,,,,,,,,,,
1,Compositae,Cichorium,intybus,b,forb,Cic,clonal,H15D30,2,,,,,,,,,,,,
1,Compositae,Cichorium,intybus,b,forb,Cic,clonal,H15D30,3,0.73,3.36,4.09,0.385744425,0.06884925,0.178484108,0.217261905,14,,,3.36,
1,Compositae,Cichorium,intybus,b,forb,Cic,clonal,H15D30,4,0.21,2.89,3.1,0.292373525,0.019805948,0.067741935,0.07266436,10,,,2.89,
1,Compositae,Cichorium,intybus,b,forb,Cic,clonal,H15D30,5,,,,,,,,,,,,
1,Compositae,Cichorium,intybus,b,forb,Cic,clonal,H15D30,6,0.26,1.69,1.95,0.183912379,0.02452165,0.133333333,0.153846154,11,,,1.69,
1,Compositae,Cichorium,intybus,c,forb,Cic,clonal,H15D15,1,0.12,0.81,0.93,0.35084823,0.045270739,0.129032258,0.148148148,8,,,0.81,
1,Compositae,Cichorium,intybus,c,forb,Cic,clonal,H15D15,2,,,,,,,,,,,,
1,Compositae,Cichorium,intybus,c,forb,Cic,clonal,H15D15,3,,,,,,,,,,,,
1,Compositae,Cichorium,intybus,c,forb,Cic,clonal,H15D15,4,0.06,0.43,0.49,0.184855519,0.02263537,0.12244898,0.139534884,8,,,0.43,
1,Compositae,Cichorium,intybus,c,forb,Cic,clonal,H15D15,5,0.23,2.26,2.49,0.939367842,0.086768917,0.092369478,0.101769912,12,,,2.26,
1,Compositae,Cichorium,intybus,c,forb,Cic,clonal,H15D15,6,,,,,,,,,,,,
2,Compositae,Lactuca,indica,a,forb,Lac,non_clonal,H60D15,1,2.94,28.64,31.58,2.978437394,0.277283279,0.093096897,0.102653631,46,1,158,23.26,5.38
2,Compositae,Lactuca,indica,a,forb,Lac,non_clonal,H60D15,2,3.92,33.65,37.57,3.543378496,0.369711038,0.104338568,0.116493314,109,5,465,26.92,6.73
2,Compositae,Lactuca,indica,a,forb,Lac,non_clonal,H60D15,3,1.59,16.9,18.49,1.743866606,0.149959324,0.085992428,0.09408284,41,1,180,16.9,
2,Compositae,Lactuca,indica,a,forb,Lac,non_clonal,H60D15,4,8.15,43.95,52.1,4.913761502,0.768659427,0.156429942,0.185437998,52,1,168.5,39.71,4.24
2,Compositae,Lactuca,indica,a,forb,Lac,non_clonal,H60D15,5,2.87,22.05,24.92,2.350305886,0.270681295,0.115168539,0.13015873,30,1,176,16.54,5.51
2,Compositae,Lactuca,indica,a,forb,Lac,non_clonal,H60D15,6,2.26,13.16,15.42,1.454322502,0.213149731,0.146562905,0.171732523,18,1,118,9.88,3.28
2,Compositae,Lactuca,indica,b,forb,Lac,non_clonal,H15D30,1,3.35,37.94,41.29,3.894226726,0.315952034,0.081133446,0.088297312,66,1,116,37.94,
2,Compositae,Lactuca,indica,b,forb,Lac,non_clonal,H15D30,2,4.24,29.83,34.07,3.213279355,0.39989153,0.124449662,0.142138786,54,2,70,29.83,
2,Compositae,Lactuca,indica,b,forb,Lac,non_clonal,H15D30,3,2.25,28.18,30.43,2.869976248,0.212206592,0.073940191,0.079843861,86,5,354,26.32,1.86
2,Compositae,Lactuca,indica,b,forb,Lac,non_clonal,H15D30,4,1.04,15.96,17,1.603338686,0.098086603,0.061176471,0.065162907,26,1,184,13.92,2.04
2,Compositae,Lactuca,indica,b,forb,Lac,non_clonal,H15D30,5,1.93,25.87,27.8,2.621930322,0.182026097,0.06942446,0.074603788,67,1,175,22.05,3.82
2,Compositae,Lactuca,indica,b,forb,Lac,non_clonal,H15D30,6,0.79,15.42,16.21,1.528830594,0.074508093,0.048735349,0.051232166,19,1,122,9.71,5.71
2,Compositae,Lactuca,indica,c,forb,Lac,non_clonal,H15D15,1,2.81,16.78,19.59,7.390448202,1.060089814,0.143440531,0.167461263,26,1,174.5,14.02,2.76
2,Compositae,Lactuca,indica,c,forb,Lac,non_clonal,H15D15,2,4.08,12.75,16.83,6.349221196,1.539205136,0.242424242,0.32,23,1,146,11.1,1.65
2,Compositae,Lactuca,indica,c,forb,Lac,non_clonal,H15D15,3,1.6,12.39,13.99,5.277813698,0.603609857,0.114367405,0.1291364,32,1,168,10.4,1.99
2,Compositae,Lactuca,indica,c,forb,Lac,non_clonal,H15D15,4,0.46,7.77,8.23,3.104818208,0.173537834,0.055893074,0.059202059,24,1,139,5.46,2.31
2,Compositae,Lactuca,indica,c,forb,Lac,non_clonal,H15D15,5,,,,,,,,,,,,
2,Compositae,Lactuca,indica,c,forb,Lac,non_clonal,H15D15,6,2.64,9.41,12.05,4.545936745,0.995956266,0.219087137,0.280552604,40,1,77,9.41,
3,Oxalidaceae,Oxalis,corniculata,a,forb,Oxa,clonal,H60D15,1,0.31,0.68,0.99,0.0933709,0.029237353,0.313131313,0.455882353,15,,,0.68,
3,Oxalidaceae,Oxalis,corniculata,a,forb,Oxa,clonal,H60D15,2,0.4,1.47,1.87,0.176367255,0.037725616,0.213903743,0.272108844,34,,,1.47,
3,Oxalidaceae,Oxalis,corniculata,a,forb,Oxa,clonal,H60D15,3,0.22,0.57,0.79,0.074508092,0.020749089,0.278481013,0.385964912,16,,,0.57,
3,Oxalidaceae,Oxalis,corniculata,a,forb,Oxa,clonal,H60D15,4,6.19,0.23,6.42,0.605496139,0.58380391,0.964174455,26.91304348,6,,,0.23,
3,Oxalidaceae,Oxalis,corniculata,a,forb,Oxa,clonal,H60D15,5,2.99,0.53,3.52,0.331985422,0.281998981,0.849431818,5.641509434,8,,,0.53,
3,Oxalidaceae,Oxalis,corniculata,a,forb,Oxa,clonal,H60D15,6,2.33,0.99,3.32,0.313122614,0.219751714,0.701807229,2.353535354,17,,,0.99,
3,Oxalidaceae,Oxalis,corniculata,b,forb,Oxa,clonal,H15D30,1,0.63,1.81,2.44,0.230126258,0.059417845,0.258196721,0.348066298,22,,,1.81,
3,Oxalidaceae,Oxalis,corniculata,b,forb,Oxa,clonal,H15D30,2,0.2,2.1,2.3,0.216922293,0.018862808,0.086956522,0.095238095,46,,,2.1,
3,Oxalidaceae,Oxalis,corniculata,b,forb,Oxa,clonal,H15D30,3,0.4,3.12,3.52,0.331985422,0.037725616,0.113636364,0.128205128,45,,,3.12,
3,Oxalidaceae,Oxalis,corniculata,b,forb,Oxa,clonal,H15D30,4,6.8,3.2,10,0.943140404,0.641335475,0.68,2.125,49,,,3.2,
3,Oxalidaceae,Oxalis,corniculata,b,forb,Oxa,clonal,H15D30,5,5.5,0.38,5.88,0.554566557,0.518727222,0.93537415,14.47368421,7,,,0.38,
3,Oxalidaceae,Oxalis,corniculata,b,forb,Oxa,clonal,H15D30,6,,,,,,,,,,,,
3,Oxalidaceae,Oxalis,corniculata,c,forb,Oxa,clonal,H15D15,1,0.13,0.44,0.57,0.215036012,0.049043301,0.228070175,0.295454545,11,,,0.44,
3,Oxalidaceae,Oxalis,corniculata,c,forb,Oxa,clonal,H15D15,2,0.61,0.61,1.22,0.460252517,0.230126259,0.5,1,8,,,0.61,
3,Oxalidaceae,Oxalis,corniculata,c,forb,Oxa,clonal,H15D15,3,0.13,0.91,1.04,0.392346408,0.049043301,0.125,0.142857143,15,,,0.91,
3,Oxalidaceae,Oxalis,corniculata,c,forb,Oxa,clonal,H15D15,4,3.5,0.65,4.15,1.56561307,1.320396565,0.843373494,5.384615385,11,,,0.65,
3,Oxalidaceae,Oxalis,corniculata,c,forb,Oxa,clonal,H15D15,5,2.24,0.12,2.36,0.890324541,0.845053801,0.949152542,18.66666667,5,,,0.12,
3,Oxalidaceae,Oxalis,corniculata,c,forb,Oxa,clonal,H15D15,6,6.75,0.37,7.12,2.686063869,2.54647909,0.948033708,18.24324324,7,,,0.37,
4,Plantaginaceae,Plantago,asiatica,a,forb,Pla,non_clonal,H60D15,1,0.11,4.24,4.35,0.410266076,0.010374544,0.025287356,0.025943396,7,,,1.97,
4,Plantaginaceae,Plantago,asiatica,a,forb,Pla,non_clonal,H60D15,2,0.39,7.4,7.79,0.734706374,0.036782476,0.050064185,0.052702703,8,,,4.21,
4,Plantaginaceae,Plantago,asiatica,a,forb,Pla,non_clonal,H60D15,3,0.15,4.27,4.42,0.416868058,0.014147106,0.033936652,0.035128806,8,,,2.42,
4,Plantaginaceae,Plantago,asiatica,a,forb,Pla,non_clonal,H60D15,4,0.36,8.62,8.98,0.846940082,0.033953055,0.040089087,0.041763341,10,,,3.58,
4,Plantaginaceae,Plantago,asiatica,a,forb,Pla,non_clonal,H60D15,5,0.16,7.58,7.74,0.729990672,0.015090247,0.020671835,0.021108179,10,,,3.83,
4,Plantaginaceae,Plantago,asiatica,a,forb,Pla,non_clonal,H60D15,6,0.2,3.06,3.26,0.307463772,0.018862808,0.061349693,0.065359477,5,,,1.67,
4,Plantaginaceae,Plantago,asiatica,b,forb,Pla,non_clonal,H15D30,1,0.12,2.6,2.72,0.25653419,0.011317685,0.044117647,0.046153846,7,,,1.58,
4,Plantaginaceae,Plantago,asiatica,b,forb,Pla,non_clonal,H15D30,2,0.1,2.31,2.41,0.227296837,0.009431404,0.041493776,0.043290043,6,,,1.06,
4,Plantaginaceae,Plantago,asiatica,b,forb,Pla,non_clonal,H15D30,3,0.11,4.65,4.76,0.448934832,0.010374545,0.023109244,0.023655914,9,,,2.42,
4,Plantaginaceae,Plantago,asiatica,b,forb,Pla,non_clonal,H15D30,4,0.19,6.8,6.99,0.659255142,0.017919668,0.027181688,0.027941176,10,,,4.05,
4,Plantaginaceae,Plantago,asiatica,b,forb,Pla,non_clonal,H15D30,5,0.42,10.84,11.26,1.061976094,0.039611897,0.037300178,0.038745387,9,,,5.48,
4,Plantaginaceae,Plantago,asiatica,b,forb,Pla,non_clonal,H15D30,6,0.26,7.42,7.68,0.72433183,0.024521651,0.033854167,0.035040431,9,,,3.9,
4,Plantaginaceae,Plantago,asiatica,c,forb,Pla,non_clonal,H15D15,1,0.3,4.86,5.16,1.946641793,0.113176849,0.058139535,0.061728395,5,,,2.65,
4,Plantaginaceae,Plantago,asiatica,c,forb,Pla,non_clonal,H15D15,2,0.02,1.92,1.94,0.731876953,0.007545123,0.010309278,0.010416667,6,,,1.54,
4,Plantaginaceae,Plantago,asiatica,c,forb,Pla,non_clonal,H15D15,3,0.34,4.4,4.74,1.788194205,0.128267095,0.071729958,0.077272727,10,,,3.01,
4,Plantaginaceae,Plantago,asiatica,c,forb,Pla,non_clonal,H15D15,4,0.3,4.1,4.4,1.65992711,0.113176848,0.068181818,0.073170732,5,,,2.23,
4,Plantaginaceae,Plantago,asiatica,c,forb,Pla,non_clonal,H15D15,5,0.18,7.56,7.74,2.919962689,0.067906109,0.023255814,0.023809524,10,,,4.77,
4,Plantaginaceae,Plantago,asiatica,c,forb,Pla,non_clonal,H15D15,6,0.39,5.46,5.85,2.206948544,0.147129904,0.066666667,0.071428571,9,,,2.5,
5,Compositae,Silphium,perfoliatum,a,forb,Sil,clonal,H60D15,1,9.23,9.2,18.43,1.738207764,0.870518592,0.50081389,1.00326087,8,,,9.2,
5,Compositae,Silphium,perfoliatum,a,forb,Sil,clonal,H60D15,2,6.41,4.91,11.32,1.067634937,0.604552999,0.566254417,1.305498982,9,,,4.91,
5,Compositae,Silphium,perfoliatum,a,forb,Sil,clonal,H60D15,3,10.59,8.29,18.88,1.780649082,0.998785688,0.560911017,1.277442702,8,,,8.29,
5,Compositae,Silphium,perfoliatum,a,forb,Sil,clonal,H60D15,4,5.18,4.72,9.9,0.933708999,0.488546729,0.523232323,1.097457627,8,,,4.72,
5,Compositae,Silphium,perfoliatum,a,forb,Sil,clonal,H60D15,5,3.99,2.99,6.98,0.658312002,0.376313021,0.571633238,1.334448161,10,,,2.99,
5,Compositae,Silphium,perfoliatum,a,forb,Sil,clonal,H60D15,6,4.64,3.37,8.01,0.755455463,0.437617147,0.579275905,1.376854599,8,,,3.37,
5,Compositae,Silphium,perfoliatum,b,forb,Sil,clonal,H15D30,1,2.71,5.45,8.16,0.769602569,0.255591049,0.332107843,0.497247706,8,,,5.45,
5,Compositae,Silphium,perfoliatum,b,forb,Sil,clonal,H15D30,2,4.73,7.92,12.65,1.19307261,0.44610541,0.373913043,0.597222222,18,,,7.92,
5,Compositae,Silphium,perfoliatum,b,forb,Sil,clonal,H15D30,3,4.26,4.91,9.17,0.86485975,0.401777812,0.464558342,0.867617108,7,,,4.91,
5,Compositae,Silphium,perfoliatum,b,forb,Sil,clonal,H15D30,4,2.7,4.15,6.85,0.646051176,0.254647909,0.394160584,0.65060241,8,,,4.15,
5,Compositae,Silphium,perfoliatum,b,forb,Sil,clonal,H15D30,5,4.69,5.02,9.71,0.915789332,0.442332849,0.483007209,0.934262948,9,,,5.02,
5,Compositae,Silphium,perfoliatum,b,forb,Sil,clonal,H15D30,6,4.66,5.01,9.67,0.91201677,0.439503428,0.481902792,0.930139721,8,,,5.01,
5,Compositae,Silphium,perfoliatum,c,forb,Sil,clonal,H15D15,1,3.59,5.03,8.62,3.251948111,1.35434962,0.416473318,0.713717694,9,,,5.03,
5,Compositae,Silphium,perfoliatum,c,forb,Sil,clonal,H15D15,2,2.62,2.55,5.17,1.950414354,0.988411143,0.506769826,1.02745098,7,,,2.55,
5,Compositae,Silphium,perfoliatum,c,forb,Sil,clonal,H15D15,3,3.54,3.71,7.25,2.73510717,1.335486811,0.488275862,0.954177898,5,,,3.71,
5,Compositae,Silphium,perfoliatum,c,forb,Sil,clonal,H15D15,4,,,,,,,,,,,,
5,Compositae,Silphium,perfoliatum,c,forb,Sil,clonal,H15D15,5,1.74,2.53,4.27,1.610883809,0.65642572,0.407494145,0.687747036,9,,,2.53,
5,Compositae,Silphium,perfoliatum,c,forb,Sil,clonal,H15D15,6,2.26,2.56,4.82,1.818374698,0.852598925,0.468879668,0.8828125,7,,,2.56,
6,Compositae,Taraxacum,mongolicum,a,forb,Tar,non_clonal,H60D15,1,0.62,1.11,1.73,0.16316329,0.058474705,0.358381503,0.558558559,12,,,1.11,
6,Compositae,Taraxacum,mongolicum,a,forb,Tar,non_clonal,H60D15,2,1.54,1.01,2.55,0.240500803,0.145243622,0.603921569,1.524752475,16,,,1.01,
6,Compositae,Taraxacum,mongolicum,a,forb,Tar,non_clonal,H60D15,3,2.44,2.7,5.14,0.484774167,0.230126258,0.474708171,0.903703704,13,,,2.7,
6,Compositae,Taraxacum,mongolicum,a,forb,Tar,non_clonal,H60D15,4,,,,,,,,,,,,
6,Compositae,Taraxacum,mongolicum,a,forb,Tar,non_clonal,H60D15,5,1.08,1.19,2.27,0.214092872,0.101859164,0.475770925,0.907563025,10,,,1.19,
6,Compositae,Taraxacum,mongolicum,a,forb,Tar,non_clonal,H60D15,6,0.31,0.96,1.27,0.119778831,0.029237352,0.244094488,0.322916667,10,,,0.96,
6,Compositae,Taraxacum,mongolicum,b,forb,Tar,non_clonal,H15D30,1,,,,,,,,,,,,
6,Compositae,Taraxacum,mongolicum,b,forb,Tar,non_clonal,H15D30,2,,,,,,,,,,,,
6,Compositae,Taraxacum,mongolicum,b,forb,Tar,non_clonal,H15D30,3,0.24,0.83,1.07,0.100916023,0.02263537,0.224299065,0.289156627,9,,,0.83,
6,Compositae,Taraxacum,mongolicum,b,forb,Tar,non_clonal,H15D30,4,0.2,0.61,0.81,0.076394373,0.018862808,0.24691358,0.327868852,7,,,0.61,
6,Compositae,Taraxacum,mongolicum,b,forb,Tar,non_clonal,H15D30,5,0.58,1.34,1.92,0.181082957,0.054702143,0.302083333,0.432835821,13,,,1.34,
6,Compositae,Taraxacum,mongolicum,b,forb,Tar,non_clonal,H15D30,6,,,,,,,,,,,,
6,Compositae,Taraxacum,mongolicum,c,forb,Tar,non_clonal,H15D15,1,0.98,1.46,2.44,0.920505034,0.369711038,0.401639344,0.671232877,14,,,1.46,
6,Compositae,Taraxacum,mongolicum,c,forb,Tar,non_clonal,H15D15,2,,,,,,,,,,,,
6,Compositae,Taraxacum,mongolicum,c,forb,Tar,non_clonal,H15D15,3,0.7,0.97,1.67,0.63001779,0.264079313,0.419161677,0.721649485,11,,,0.97,
6,Compositae,Taraxacum,mongolicum,c,forb,Tar,non_clonal,H15D15,4,0.72,1.14,1.86,0.70169646,0.271624436,0.387096774,0.631578947,12,,,1.14,
6,Compositae,Taraxacum,mongolicum,c,forb,Tar,non_clonal,H15D15,5,,,,,,,,,,,,
6,Compositae,Taraxacum,mongolicum,c,forb,Tar,non_clonal,H15D15,6,,,,,,,,,,,,
7,Gramineae,Bromus,inermis,a,grass,Bro,clonal,H60D15,1,22.23,14.13,36.36,3.429258507,2.096601118,0.611386139,1.573248408,223,46,701.5,14.13,
7,Gramineae,Bromus,inermis,a,grass,Bro,clonal,H60D15,2,8.94,7.97,16.91,1.594850422,0.843167521,0.528681254,1.121706399,183,42,455.5384615,7.97,
7,Gramineae,Bromus,inermis,a,grass,Bro,clonal,H60D15,3,7.16,13.84,21,1.980594847,0.675288529,0.340952381,0.51734104,228,51,892.5,13.84,
7,Gramineae,Bromus,inermis,a,grass,Bro,clonal,H60D15,4,12.33,15.07,27.4,2.584204706,1.162892118,0.45,0.818181818,208,43,722.0416667,15.07,
7,Gramineae,Bromus,inermis,a,grass,Bro,clonal,H60D15,5,8.39,10.02,18.41,1.736321483,0.791294798,0.455730581,0.837325349,203,51,584.6785714,10.02,
7,Gramineae,Bromus,inermis,a,grass,Bro,clonal,H60D15,6,,,,,,,,,,,,
7,Gramineae,Bromus,inermis,b,grass,Bro,clonal,H15D30,1,0.24,13.13,13.37,1.260978719,0.02263537,0.017950636,0.018278751,191,46,683.6111111,13.13,
7,Gramineae,Bromus,inermis,b,grass,Bro,clonal,H15D30,2,5.25,13.15,18.4,1.735378342,0.495148712,0.285326087,0.399239544,196,60,844,13.15,
7,Gramineae,Bromus,inermis,b,grass,Bro,clonal,H15D30,3,5.45,10.84,16.29,1.536375717,0.514011519,0.33456108,0.502767528,116,29,512.3333333,10.84,
7,Gramineae,Bromus,inermis,b,grass,Bro,clonal,H15D30,4,6.74,15.38,22.12,2.086226573,0.635676631,0.304701627,0.438231469,268,61,984.9705882,15.38,
7,Gramineae,Bromus,inermis,b,grass,Bro,clonal,H15D30,5,5.81,14.02,19.83,1.87024742,0.547964575,0.292990419,0.414407989,211,56,1022,14.02,
7,Gramineae,Bromus,inermis,b,grass,Bro,clonal,H15D30,6,4.08,13.39,17.47,1.647666285,0.384801285,0.233543217,0.304705004,176,45,793.125,13.39,
7,Gramineae,Bromus,inermis,c,grass,Bro,clonal,H15D15,1,2.29,4.95,7.24,2.731334609,0.863916611,0.316298343,0.462626263,92,21,324.5454545,4.95,
7,Gramineae,Bromus,inermis,c,grass,Bro,clonal,H15D15,2,1.23,3.46,4.69,1.769331397,0.464025079,0.262260128,0.355491329,44,9,139,3.46,
7,Gramineae,Bromus,inermis,c,grass,Bro,clonal,H15D15,3,3.21,6.63,9.84,3.712200628,1.210992277,0.326219512,0.484162896,96,25,386.25,6.63,
7,Gramineae,Bromus,inermis,c,grass,Bro,clonal,H15D15,4,7.24,6.67,13.91,5.247633205,2.731334609,0.520488857,1.085457271,113,25,405.6818182,6.67,
7,Gramineae,Bromus,inermis,c,grass,Bro,clonal,H15D15,5,2.85,5.34,8.19,3.089727962,1.07518006,0.347985348,0.533707865,79,19,152,5.34,
7,Gramineae,Bromus,inermis,c,grass,Bro,clonal,H15D15,6,2.26,4.59,6.85,2.584204706,0.852598924,0.329927007,0.492374728,64,18,223,4.59,
8,Gramineae,Cynodon,dactylon,a,grass,Cyn,clonal,H60D15,1,,,,,,,,,,,,
8,Gramineae,Cynodon,dactylon,a,grass,Cyn,clonal,H60D15,2,0.96,2.31,3.27,0.308406912,0.090541479,0.293577982,0.415584416,8,21,568,2.31,32
8,Gramineae,Cynodon,dactylon,a,grass,Cyn,clonal,H60D15,3,1.39,8.13,9.52,0.897869664,0.131096516,0.146008403,0.17097171,11,50,1906.944444,8.13,16
8,Gramineae,Cynodon,dactylon,a,grass,Cyn,clonal,H60D15,4,,,,,,,,,,,,
8,Gramineae,Cynodon,dactylon,a,grass,Cyn,clonal,H60D15,5,0.1,0.7,0.8,0.075451232,0.009431404,0.125,0.142857143,1,3,67.5,0.7,
8,Gramineae,Cynodon,dactylon,a,grass,Cyn,clonal,H60D15,6,0.38,3.37,3.75,0.353677651,0.035839335,0.101333333,0.112759644,7,24,639.5,3.37,30
8,Gramineae,Cynodon,dactylon,b,grass,Cyn,clonal,H15D30,1,,,,,,,,,,,,
8,Gramineae,Cynodon,dactylon,b,grass,Cyn,clonal,H15D30,2,0.15,0.69,0.84,0.079223794,0.014147106,0.178571429,0.217391304,2,7,185.5,0.69,6
8,Gramineae,Cynodon,dactylon,b,grass,Cyn,clonal,H15D30,3,0.18,2.13,2.31,0.217865433,0.016976527,0.077922078,0.084507042,8,13,409,2.13,23.2
8,Gramineae,Cynodon,dactylon,b,grass,Cyn,clonal,H15D30,4,0.18,1.51,1.69,0.159390728,0.016976527,0.106508876,0.119205298,5,18,370,1.51,226
8,Gramineae,Cynodon,dactylon,b,grass,Cyn,clonal,H15D30,5,0.05,0.96,1.01,0.095257181,0.004715702,0.04950495,0.052083333,4,10,242,0.96,12
8,Gramineae,Cynodon,dactylon,b,grass,Cyn,clonal,H15D30,6,0.41,1.46,1.87,0.176367255,0.038668756,0.219251337,0.280821918,8,15,428.5,1.46,46
8,Gramineae,Cynodon,dactylon,c,grass,Cyn,clonal,H15D15,1,0.07,0.87,0.94,0.354620792,0.026407931,0.074468085,0.08045977,8,8,189.5,0.87,27
8,Gramineae,Cynodon,dactylon,c,grass,Cyn,clonal,H15D15,2,0.01,0.23,0.24,0.090541479,0.003772562,0.041666667,0.043478261,3,4,75,0.23,22
8,Gramineae,Cynodon,dactylon,c,grass,Cyn,clonal,H15D15,3,0.13,0.87,1,0.377256161,0.049043301,0.13,0.149425287,2,6,217,0.87,7
8,Gramineae,Cynodon,dactylon,c,grass,Cyn,clonal,H15D15,4,0.38,1.39,1.77,0.667743406,0.143357342,0.214689266,0.273381295,2,14,387,1.39,2
8,Gramineae,Cynodon,dactylon,c,grass,Cyn,clonal,H15D15,5,0.05,0.27,0.32,0.120721972,0.018862808,0.15625,0.185185185,3,2,71,0.27,13
8,Gramineae,Cynodon,dactylon,c,grass,Cyn,clonal,H15D15,6,0.1,0.95,1.05,0.396118969,0.037725616,0.095238095,0.105263158,5,15,256,0.95,22
9,Gramineae,Festuca,arundinacea,a,grass,Fes,clonal,H60D15,1,2.24,0.6,2.84,0.267851875,0.211263451,0.788732394,3.733333333,25,7,53.5,0.6,
9,Gramineae,Festuca,arundinacea,a,grass,Fes,clonal,H60D15,2,,,,,,,,,,,,
9,Gramineae,Festuca,arundinacea,a,grass,Fes,clonal,H60D15,3,0.43,0.86,1.29,0.121665112,0.040555037,0.333333333,0.5,10,3,24.5,0.86,
9,Gramineae,Festuca,arundinacea,a,grass,Fes,clonal,H60D15,4,1.12,0.95,2.07,0.195230064,0.105631725,0.541062802,1.178947368,26,5,32.5,0.95,
9,Gramineae,Festuca,arundinacea,a,grass,Fes,clonal,H60D15,5,,,,,,,,,,,,
9,Gramineae,Festuca,arundinacea,a,grass,Fes,clonal,H60D15,6,0.38,0.53,0.91,0.085825777,0.035839335,0.417582418,0.716981132,12,3,20,0.53,
9,Gramineae,Festuca,arundinacea,b,grass,Fes,clonal,H15D30,1,0.81,1.42,2.23,0.21032031,0.076394373,0.3632287,0.570422535,23,5,60,1.42,
9,Gramineae,Festuca,arundinacea,b,grass,Fes,clonal,H15D30,2,0.84,1.36,2.2,0.207490889,0.079223794,0.381818182,0.617647059,18,3,35,1.36,
9,Gramineae,Festuca,arundinacea,b,grass,Fes,clonal,H15D30,3,0.62,1.24,1.86,0.175424115,0.058474705,0.333333333,0.5,28,7,59,1.24,
9,Gramineae,Festuca,arundinacea,b,grass,Fes,clonal,H15D30,4,1.11,1.18,2.29,0.215979152,0.104688585,0.484716157,0.940677966,24,6,45,1.18,
9,Gramineae,Festuca,arundinacea,b,grass,Fes,clonal,H15D30,5,,,,,,,,,,,,
9,Gramineae,Festuca,arundinacea,b,grass,Fes,clonal,H15D30,6,0.42,0.7,1.12,0.105631725,0.039611897,0.375,0.6,25,5,41,0.7,
9,Gramineae,Festuca,arundinacea,c,grass,Fes,clonal,H15D15,1,0.42,0.85,1.27,0.479115325,0.158447588,0.330708661,0.494117647,21,5,48,0.85,
9,Gramineae,Festuca,arundinacea,c,grass,Fes,clonal,H15D15,2,0.54,1.36,1.9,0.716786707,0.203718327,0.284210526,0.397058824,39,11,93,1.36,
9,Gramineae,Festuca,arundinacea,c,grass,Fes,clonal,H15D15,3,1.47,1.72,3.19,1.203447155,0.554566557,0.460815047,0.854651163,37,10,59.5,1.72,
9,Gramineae,Festuca,arundinacea,c,grass,Fes,clonal,H15D15,4,0.41,0.57,0.98,0.369711038,0.154675026,0.418367347,0.719298246,18,5,46,0.57,
9,Gramineae,Festuca,arundinacea,c,grass,Fes,clonal,H15D15,5,,,,,,,,,,,,
9,Gramineae,Festuca,arundinacea,c,grass,Fes,clonal,H15D15,6,1.67,3.07,4.74,1.788194205,0.630017789,0.352320675,0.543973941,45,10,96,3.07,
10,Gramineae,Paspalum,notatum,a,grass,Pas,clonal,H60D15,1,1.89,1.56,3.45,0.325383439,0.178253536,0.547826087,1.211538462,28,,,1.56,
10,Gramineae,Paspalum,notatum,a,grass,Pas,clonal,H60D15,2,1.78,1.35,3.13,0.295202946,0.167878992,0.568690096,1.318518519,40,,,1.35,
10,Gramineae,Paspalum,notatum,a,grass,Pas,clonal,H60D15,3,3.89,2.96,6.85,0.646051176,0.366881617,0.567883212,1.314189189,22,,,2.96,
10,Gramineae,Paspalum,notatum,a,grass,Pas,clonal,H60D15,4,4.87,2.85,7.72,0.728104392,0.459309377,0.630829016,1.70877193,67,,,2.85,
10,Gramineae,Paspalum,notatum,a,grass,Pas,clonal,H60D15,5,1.7,1.48,3.18,0.299918648,0.160333868,0.534591195,1.148648649,29,,,1.48,
10,Gramineae,Paspalum,notatum,a,grass,Pas,clonal,H60D15,6,2.3,1.85,4.15,0.391403267,0.216922292,0.554216867,1.243243243,44,,,1.85,
10,Gramineae,Paspalum,notatum,b,grass,Pas,clonal,H15D30,1,0.84,1.64,2.48,0.23389882,0.079223794,0.338709677,0.512195122,32,,,1.64,
10,Gramineae,Paspalum,notatum,b,grass,Pas,clonal,H15D30,2,0.62,0.93,1.55,0.146186763,0.058474705,0.4,0.666666667,37,,,0.93,
10,Gramineae,Paspalum,notatum,b,grass,Pas,clonal,H15D30,3,0.91,0.9,1.81,0.170708413,0.085825777,0.502762431,1.011111111,27,,,0.9,
10,Gramineae,Paspalum,notatum,b,grass,Pas,clonal,H15D30,4,0.64,0.96,1.6,0.150902465,0.060360986,0.4,0.666666667,14,,,0.96,
10,Gramineae,Paspalum,notatum,b,grass,Pas,clonal,H15D30,5,1.74,2.07,3.81,0.359336494,0.16410643,0.456692913,0.84057971,47,,,2.07,
10,Gramineae,Paspalum,notatum,b,grass,Pas,clonal,H15D30,6,,,,,,,,,,,,
10,Gramineae,Paspalum,notatum,c,grass,Pas,clonal,H15D15,1,,,,,,,,,,,,
10,Gramineae,Paspalum,notatum,c,grass,Pas,clonal,H15D15,2,0.94,1.18,2.12,0.799783062,0.354620791,0.443396226,0.796610169,22,,,1.18,
10,Gramineae,Paspalum,notatum,c,grass,Pas,clonal,H15D15,3,0.42,0.87,1.29,0.486660448,0.158447588,0.325581395,0.482758621,16,,,0.87,
10,Gramineae,Paspalum,notatum,c,grass,Pas,clonal,H15D15,4,2.9,3.07,5.97,2.252219284,1.094042868,0.485762144,0.944625407,72,,,3.07,
10,Gramineae,Paspalum,notatum,c,grass,Pas,clonal,H15D15,5,1.66,1.67,3.33,1.256263017,0.626245227,0.498498498,0.994011976,35,,,1.67,
10,Gramineae,Paspalum,notatum,c,grass,Pas,clonal,H15D15,6,,,,,,,,,,,,
11,Gramineae,Pennisetum,alopecuroides,a,grass,Pen,non_clonal,H60D15,1,0.95,11.09,12.04,1.135541046,0.089598338,0.078903654,0.085662759,25,4,306.5,8.02,3.07
11,Gramineae,Pennisetum,alopecuroides,a,grass,Pen,non_clonal,H60D15,2,3.89,21.15,25.04,2.36162357,0.366881618,0.155351438,0.18392435,13,2,296.2,10.96,10.19
11,Gramineae,Pennisetum,alopecuroides,a,grass,Pen,non_clonal,H60D15,3,5.43,23.17,28.6,2.697381554,0.512125239,0.18986014,0.234354769,13,2,207.5,18.07,5.1
11,Gramineae,Pennisetum,alopecuroides,a,grass,Pen,non_clonal,H60D15,4,0.1,31.93,32.03,3.020878712,0.009431404,0.003122073,0.003131851,16,3,320,19.51,12.42
11,Gramineae,Pennisetum,alopecuroides,a,grass,Pen,non_clonal,H60D15,5,0.22,13.23,13.45,1.268523843,0.020749088,0.016356877,0.016628874,,,,11.53,1.7
11,Gramineae,Pennisetum,alopecuroides,a,grass,Pen,non_clonal,H60D15,6,0.34,7.44,7.78,0.733763234,0.032066773,0.043701799,0.045698925,,,,5.29,2.15
11,Gramineae,Pennisetum,alopecuroides,b,grass,Pen,non_clonal,H15D30,1,2.84,7.05,9.89,0.932765859,0.267851874,0.287158746,0.402836879,5,1,100,6.28,0.77
11,Gramineae,Pennisetum,alopecuroides,b,grass,Pen,non_clonal,H15D30,2,5.98,11.47,17.45,1.645780004,0.563997962,0.34269341,0.52136007,21,4,111,9.59,1.88
11,Gramineae,Pennisetum,alopecuroides,b,grass,Pen,non_clonal,H15D30,3,4.93,18.28,23.21,2.189028877,0.46496822,0.212408445,0.269693654,18,3,235.4,14.19,4.09
11,Gramineae,Pennisetum,alopecuroides,b,grass,Pen,non_clonal,H15D30,4,0.17,17.73,17.9,1.688221322,0.016033387,0.009497207,0.009588268,36,5,421.8,14.89,2.84
11,Gramineae,Pennisetum,alopecuroides,b,grass,Pen,non_clonal,H15D30,5,0.05,17.16,17.21,1.623144634,0.004715703,0.002905288,0.002913753,,,,15.53,1.63
11,Gramineae,Pennisetum,alopecuroides,b,grass,Pen,non_clonal,H15D30,6,,,,,,,,,,,,
11,Gramineae,Pennisetum,alopecuroides,c,grass,Pen,non_clonal,H15D15,1,0.78,5.18,5.96,2.248446722,0.294259805,0.130872483,0.150579151,7,1,73.6,4.28,0.9
11,Gramineae,Pennisetum,alopecuroides,c,grass,Pen,non_clonal,H15D15,2,6.09,19.98,26.07,9.835068128,2.297490021,0.233601841,0.304804805,15,1,150,14.73,5.25
11,Gramineae,Pennisetum,alopecuroides,c,grass,Pen,non_clonal,H15D15,3,2.07,13.33,15.4,5.809744886,0.780920252,0.134415584,0.155288822,7,1,134.5,8.8,4.53
11,Gramineae,Pennisetum,alopecuroides,c,grass,Pen,non_clonal,H15D15,4,0.19,9.48,9.67,3.648067081,0.07167867,0.019648397,0.020042194,14,2,127,7.38,2.1
11,Gramineae,Pennisetum,alopecuroides,c,grass,Pen,non_clonal,H15D15,5,0.06,10.88,10.94,4.127182406,0.022635371,0.005484461,0.005514706,,,,8.95,1.93
11,Gramineae,Pennisetum,alopecuroides,c,grass,Pen,non_clonal,H15D15,6,0.11,21.11,21.22,8.005375745,0.041498179,0.005183789,0.005210801,,,,18.79,2.32
12,Gramineae,Setaria,viridis,a,grass,Set,clonal,H60D15,1,47.38,80.38,127.76,12.0495618,4.468599237,0.370851597,0.589450112,6,49,315,68.66,
12,Gramineae,Setaria,viridis,a,grass,Set,clonal,H60D15,2,17.18,102.44,119.62,11.28184551,1.620315214,0.143621468,0.167707927,3,43,166,97.71,
12,Gramineae,Setaria,viridis,a,grass,Set,clonal,H60D15,3,25.97,111.21,137.18,12.93800006,2.449335629,0.189313311,0.233522165,4,46,191.5,104.25,
12,Gramineae,Setaria,viridis,a,grass,Set,clonal,H60D15,4,20.2,68.05,88.25,8.323214061,1.905143614,0.228895184,0.296840558,3,27,196.5,61.21,
12,Gramineae,Setaria,viridis,a,grass,Set,clonal,H60D15,5,21.91,49.09,71,6.696296865,2.066420622,0.308591549,0.44632308,4,28,184.5,42.03,
12,Gramineae,Setaria,viridis,a,grass,Set,clonal,H60D15,6,9.75,55.04,64.79,6.110606674,0.919561893,0.150486186,0.177143895,5,50,212,49.78,
12,Gramineae,Setaria,viridis,b,grass,Set,clonal,H15D30,1,19.68,61.94,81.62,7.697911973,1.856100313,0.241117373,0.317726832,4,47,206,57.11,
12,Gramineae,Setaria,viridis,b,grass,Set,clonal,H15D30,2,7.27,40.48,47.75,4.503495427,0.685663074,0.152251309,0.179594862,5,46,222,36.7,
12,Gramineae,Setaria,viridis,b,grass,Set,clonal,H15D30,3,10.53,54.77,65.3,6.158706835,0.993126847,0.161255743,0.192258536,4,31,220.7,50.66,
12,Gramineae,Setaria,viridis,b,grass,Set,clonal,H15D30,4,9.66,30.95,40.61,3.830093179,0.911073629,0.237872445,0.312116317,3,28,203.2,25.09,
12,Gramineae,Setaria,viridis,b,grass,Set,clonal,H15D30,5,15.36,51.95,67.31,6.348278056,1.448663658,0.22819789,0.295668912,5,43,285,44.34,
12,Gramineae,Setaria,viridis,b,grass,Set,clonal,H15D30,6,7.16,59.62,66.78,6.298291615,0.67528853,0.10721773,0.120093928,2,35,162,55.22,
12,Gramineae,Setaria,viridis,c,grass,Set,clonal,H15D15,1,7.42,23.26,30.68,11.57421903,2.799240718,0.241851369,0.31900258,3,32,142.6,21.31,
12,Gramineae,Setaria,viridis,c,grass,Set,clonal,H15D15,2,5.51,21.91,27.42,10.34436395,2.07868145,0.200948213,0.251483341,3,14,126,18.76,
12,Gramineae,Setaria,viridis,c,grass,Set,clonal,H15D15,3,8.64,43.51,52.15,19.67390882,3.259493239,0.165675935,0.19857504,3,27,152,40.67,
12,Gramineae,Setaria,viridis,c,grass,Set,clonal,H15D15,4,11.92,31.29,43.21,16.30123873,4.496893443,0.275862069,0.380952381,3,31,65,30.55,
12,Gramineae,Setaria,viridis,c,grass,Set,clonal,H15D15,5,4.91,29.65,34.56,13.03797294,1.852327749,0.142071759,0.165598651,1,18,91,27.05,
12,Gramineae,Setaria,viridis,c,grass,Set,clonal,H15D15,6,7.27,31.27,38.54,14.53945246,2.74265229,0.188635184,0.232491206,,16,,16.12,
13,Gramineae,Sorghum,sudanense,a,grass,Sor,non_clonal,H60D15,1,7.28,13.93,21.21,2.000400796,0.686606213,0.343234323,0.522613065,67,11,384.7,13.93,
13,Gramineae,Sorghum,sudanense,a,grass,Sor,non_clonal,H60D15,2,24.76,38.7,63.46,5.985169001,2.335215637,0.390167034,0.639793282,96,12,704,38.7,
13,Gramineae,Sorghum,sudanense,a,grass,Sor,non_clonal,H60D15,3,,,,,,,,,,,,
13,Gramineae,Sorghum,sudanense,a,grass,Sor,non_clonal,H60D15,4,27.68,55.56,83.24,7.850700719,2.610612634,0.332532436,0.498200144,76,11,868,55.56,
13,Gramineae,Sorghum,sudanense,a,grass,Sor,non_clonal,H60D15,5,17.95,23.71,41.66,3.929122921,1.692937024,0.430868939,0.75706453,67,8,542,23.71,
13,Gramineae,Sorghum,sudanense,a,grass,Sor,non_clonal,H60D15,6,7.71,14.45,22.16,2.089999134,0.727161252,0.347924188,0.533564014,37,5,223.7,14.45,
13,Gramineae,Sorghum,sudanense,b,grass,Sor,non_clonal,H15D30,1,3.46,12.93,16.39,1.545807121,0.32632658,0.211104332,0.267594741,65,11,505.5,12.93,
13,Gramineae,Sorghum,sudanense,b,grass,Sor,non_clonal,H15D30,2,1.43,3.48,4.91,0.463081938,0.134869078,0.291242363,0.41091954,29,6,172.7,3.48,
13,Gramineae,Sorghum,sudanense,b,grass,Sor,non_clonal,H15D30,3,15.63,24.28,39.91,3.76407335,1.47412845,0.39163117,0.643739703,140,22,690.9,24.28,
13,Gramineae,Sorghum,sudanense,b,grass,Sor,non_clonal,H15D30,4,8.22,12.62,20.84,1.965504601,0.775261411,0.394433781,0.651347068,93,10,318.4,12.62,
13,Gramineae,Sorghum,sudanense,b,grass,Sor,non_clonal,H15D30,5,7.05,12.7,19.75,1.862702297,0.664913984,0.356962025,0.55511811,58,10,461.9,12.7,
13,Gramineae,Sorghum,sudanense,b,grass,Sor,non_clonal,H15D30,6,8.39,16.22,24.61,2.321068533,0.791294799,0.340918326,0.517262639,34,4,290,16.22,
13,Gramineae,Sorghum,sudanense,c,grass,Sor,non_clonal,H15D15,1,3.44,7.82,11.26,4.247904377,1.297761196,0.305506217,0.439897698,57,7,223.2,7.82,
13,Gramineae,Sorghum,sudanense,c,grass,Sor,non_clonal,H15D15,2,4.2,9.23,13.43,5.066550248,1.584475878,0.312732688,0.45503792,72,13,359.5,9.23,
13,Gramineae,Sorghum,sudanense,c,grass,Sor,non_clonal,H15D15,3,2.17,5.34,7.51,2.833193772,0.81864587,0.288948069,0.406367041,38,6,232,5.34,
13,Gramineae,Sorghum,sudanense,c,grass,Sor,non_clonal,H15D15,4,8.56,10.74,19.3,7.281043915,3.229312741,0.443523316,0.797020484,73,8,271,10.74,
13,Gramineae,Sorghum,sudanense,c,grass,Sor,non_clonal,H15D15,5,,,,,,,,,,,,
13,Gramineae,Sorghum,sudanense,c,grass,Sor,non_clonal,H15D15,6,5.81,10.03,15.84,5.975737597,2.191858296,0.366792929,0.579262213,62,8,358.7,10.03,
14,Leguminosae,Astragalus,adsurgens,a,legume,Ast_ads,non_clonal,H60D15,1,1.98,1.46,3.44,0.324440299,0.1867418,0.575581395,1.356164384,41,4,88,1.46,
14,Leguminosae,Astragalus,adsurgens,a,legume,Ast_ads,non_clonal,H60D15,2,1.1,1.81,2.91,0.274453857,0.103745444,0.378006873,0.607734807,20,4,63,1.81,
14,Leguminosae,Astragalus,adsurgens,a,legume,Ast_ads,non_clonal,H60D15,3,1.43,3.16,4.59,0.432901445,0.134869078,0.311546841,0.452531646,50,5,91,3.16,
14,Leguminosae,Astragalus,adsurgens,a,legume,Ast_ads,non_clonal,H60D15,4,1.05,2.89,3.94,0.371597319,0.099029742,0.266497462,0.363321799,34,2,72,2.89,
14,Leguminosae,Astragalus,adsurgens,a,legume,Ast_ads,non_clonal,H60D15,5,1.98,3.31,5.29,0.498921273,0.1867418,0.374291115,0.598187311,43,7,134,3.31,
14,Leguminosae,Astragalus,adsurgens,a,legume,Ast_ads,non_clonal,H60D15,6,0.87,1.08,1.95,0.183912379,0.082053216,0.446153846,0.805555556,20,5,59.5,1.08,
14,Leguminosae,Astragalus,adsurgens,b,legume,Ast_ads,non_clonal,H15D30,1,0.3,0.64,0.94,0.088655198,0.028294212,0.319148936,0.46875,11,5,80,0.64,
14,Leguminosae,Astragalus,adsurgens,b,legume,Ast_ads,non_clonal,H15D30,2,0.22,0.47,0.69,0.065076688,0.020749089,0.31884058,0.468085106,13,2,43,0.47,
14,Leguminosae,Astragalus,adsurgens,b,legume,Ast_ads,non_clonal,H15D30,3,0.52,1.87,2.39,0.225410556,0.049043301,0.217573222,0.278074866,34,4,66,1.87,
14,Leguminosae,Astragalus,adsurgens,b,legume,Ast_ads,non_clonal,H15D30,4,0.38,1.23,1.61,0.151845605,0.035839335,0.236024845,0.308943089,13,6,79,1.23,
14,Leguminosae,Astragalus,adsurgens,b,legume,Ast_ads,non_clonal,H15D30,5,0.38,1.3,1.68,0.158447588,0.035839335,0.226190476,0.292307692,21,8,90,1.3,
14,Leguminosae,Astragalus,adsurgens,b,legume,Ast_ads,non_clonal,H15D30,6,0.16,0.8,0.96,0.090541479,0.015090247,0.166666667,0.2,11,4,46,0.8,
14,Leguminosae,Astragalus,adsurgens,c,legume,Ast_ads,non_clonal,H15D15,1,0.09,0.64,0.73,0.275396998,0.033953054,0.123287671,0.140625,11,1,30,0.64,
14,Leguminosae,Astragalus,adsurgens,c,legume,Ast_ads,non_clonal,H15D15,2,,,,,,,,,,,,
14,Leguminosae,Astragalus,adsurgens,c,legume,Ast_ads,non_clonal,H15D15,3,0.38,0.86,1.24,0.46779764,0.143357341,0.306451613,0.441860465,17,2,31,0.86,
14,Leguminosae,Astragalus,adsurgens,c,legume,Ast_ads,non_clonal,H15D15,4,0.19,0.59,0.78,0.294259806,0.071678671,0.243589744,0.322033898,13,2,30,0.59,
14,Leguminosae,Astragalus,adsurgens,c,legume,Ast_ads,non_clonal,H15D15,5,0.36,0.97,1.33,0.501750695,0.135812218,0.270676692,0.371134021,15,6,82,0.97,
14,Leguminosae,Astragalus,adsurgens,c,legume,Ast_ads,non_clonal,H15D15,6,0.38,0.89,1.27,0.479115325,0.143357341,0.299212598,0.426966292,16,5,51,0.89,
15,Leguminosae,Astragalus,sinicus,a,legume,Ast_sin,non_clonal,H60D15,1,,,,,,,,,,,,
15,Leguminosae,Astragalus,sinicus,a,legume,Ast_sin,non_clonal,H60D15,2,0.54,2.17,2.71,0.255591049,0.050929582,0.199261993,0.248847926,47,3,27.5,2.17,
15,Leguminosae,Astragalus,sinicus,a,legume,Ast_sin,non_clonal,H60D15,3,1.74,14.9,16.64,1.569385631,0.164106431,0.104567308,0.116778523,214,9,155.3,14.9,
15,Leguminosae,Astragalus,sinicus,a,legume,Ast_sin,non_clonal,H60D15,4,,,,,,,,,,,,
15,Leguminosae,Astragalus,sinicus,a,legume,Ast_sin,non_clonal,H60D15,5,,,,,,,,,,,,
15,Leguminosae,Astragalus,sinicus,a,legume,Ast_sin,non_clonal,H60D15,6,2.36,6.65,9.01,0.849769504,0.222581136,0.261931188,0.354887218,132,10,110,6.65,
15,Leguminosae,Astragalus,sinicus,b,legume,Ast_sin,non_clonal,H15D30,1,,,,,,,,,,,,
15,Leguminosae,Astragalus,sinicus,b,legume,Ast_sin,non_clonal,H15D30,2,,,,,,,,,,,,
15,Leguminosae,Astragalus,sinicus,b,legume,Ast_sin,non_clonal,H15D30,3,0.6,4.12,4.72,0.44516227,0.056588424,0.127118644,0.145631068,94,9,58,4.12,
15,Leguminosae,Astragalus,sinicus,b,legume,Ast_sin,non_clonal,H15D30,4,0.18,2.04,2.22,0.20937717,0.016976527,0.081081081,0.088235294,36,4,24.8,2.04,
15,Leguminosae,Astragalus,sinicus,b,legume,Ast_sin,non_clonal,H15D30,5,1.64,10.37,12.01,1.132711625,0.154675027,0.136552873,0.158148505,162,6,78,10.37,
15,Leguminosae,Astragalus,sinicus,b,legume,Ast_sin,non_clonal,H15D30,6,0.33,2.41,2.74,0.258420471,0.031123633,0.120437956,0.136929461,77,1,2.5,2.41,
15,Leguminosae,Astragalus,sinicus,c,legume,Ast_sin,non_clonal,H15D15,1,,,,,,,,,,,,
15,Leguminosae,Astragalus,sinicus,c,legume,Ast_sin,non_clonal,H15D15,2,,,,,,,,,,,,
15,Leguminosae,Astragalus,sinicus,c,legume,Ast_sin,non_clonal,H15D15,3,0.95,2.25,3.2,1.207219716,0.358393353,0.296875,0.422222222,84,5,92,2.25,
15,Leguminosae,Astragalus,sinicus,c,legume,Ast_sin,non_clonal,H15D15,4,0.99,2.3,3.29,1.241172771,0.3734836,0.300911854,0.430434783,2,7,39,2.3,
15,Leguminosae,Astragalus,sinicus,c,legume,Ast_sin,non_clonal,H15D15,5,0.97,2.56,3.53,1.33171425,0.365938476,0.274787535,0.37890625,63,2,38.5,2.56,
15,Leguminosae,Astragalus,sinicus,c,legume,Ast_sin,non_clonal,H15D15,6,0.7,3.22,3.92,1.478844153,0.264079314,0.178571429,0.217391304,124,9,39.5,3.22,
16,Leguminosae,Medicago,sativa,a,legume,Med,clonal,H60D15,1,1.04,3.07,4.11,0.387630706,0.098086602,0.253041363,0.338762215,143,16,373.5,3.07,
16,Leguminosae,Medicago,sativa,a,legume,Med,clonal,H60D15,2,1.03,1.93,2.96,0.279169559,0.097143461,0.347972973,0.533678756,81,6,165,1.93,
16,Leguminosae,Medicago,sativa,a,legume,Med,clonal,H60D15,3,2.6,4.04,6.64,0.626245228,0.245216505,0.391566265,0.643564356,191,13,444.5,4.04,
16,Leguminosae,Medicago,sativa,a,legume,Med,clonal,H60D15,4,0.9,2.48,3.38,0.318781456,0.084882636,0.266272189,0.362903226,141,10,326.5,2.48,
16,Leguminosae,Medicago,sativa,a,legume,Med,clonal,H60D15,5,1.48,3.31,4.79,0.451764253,0.139584779,0.308977035,0.447129909,135,17,523,3.31,
16,Leguminosae,Medicago,sativa,a,legume,Med,clonal,H60D15,6,,,,,,,,,,,,
16,Leguminosae,Medicago,sativa,b,legume,Med,clonal,H15D30,1,0.29,1.96,2.25,0.212206591,0.027351072,0.128888889,0.147959184,141,11,226.5,1.96,
16,Leguminosae,Medicago,sativa,b,legume,Med,clonal,H15D30,2,0.36,1.35,1.71,0.161277009,0.033953055,0.210526316,0.266666667,78,11,290.5,1.35,
16,Leguminosae,Medicago,sativa,b,legume,Med,clonal,H15D30,3,0.24,1.01,1.25,0.11789255,0.02263537,0.192,0.237623762,47,7,175.5,1.01,
16,Leguminosae,Medicago,sativa,b,legume,Med,clonal,H15D30,4,1.33,2.38,3.71,0.34990509,0.125437674,0.358490566,0.558823529,164,19,409.8,2.38,
16,Leguminosae,Medicago,sativa,b,legume,Med,clonal,H15D30,5,1.81,3.43,5.24,0.494205571,0.170708413,0.345419847,0.527696793,162,21,434.5,3.43,
16,Leguminosae,Medicago,sativa,b,legume,Med,clonal,H15D30,6,,,,,,,,,,,,
16,Leguminosae,Medicago,sativa,c,legume,Med,clonal,H15D15,1,0.67,0.66,1.33,0.501750695,0.252761628,0.503759398,1.015151515,37,8,111,0.66,
16,Leguminosae,Medicago,sativa,c,legume,Med,clonal,H15D15,2,0.54,0.7,1.24,0.46779764,0.203718327,0.435483871,0.771428571,33,3,65.5,0.7,
16,Leguminosae,Medicago,sativa,c,legume,Med,clonal,H15D15,3,0.24,0.8,1.04,0.392346408,0.090541479,0.230769231,0.3,35,9,196,0.8,
16,Leguminosae,Medicago,sativa,c,legume,Med,clonal,H15D15,4,1.09,2.32,3.41,1.28644351,0.411209216,0.319648094,0.469827586,94,12,249,2.32,
16,Leguminosae,Medicago,sativa,c,legume,Med,clonal,H15D15,5,,,,,,,,,,,,
16,Leguminosae,Medicago,sativa,c,legume,Med,clonal,H15D15,6,,,,,,,,,,,,
17,Leguminosae,Melilotus,suaveolens,a,legume,Mel,non_clonal,H60D15,1,2.11,3.85,5.96,0.56211168,0.199002625,0.354026846,0.548051948,257,24,509,3.85,
17,Leguminosae,Melilotus,suaveolens,a,legume,Mel,non_clonal,H60D15,2,2.05,3.51,5.56,0.524386064,0.193343783,0.368705036,0.584045584,170,13,302,3.51,
17,Leguminosae,Melilotus,suaveolens,a,legume,Mel,non_clonal,H60D15,3,3.09,5.63,8.72,0.822418432,0.291430385,0.354357798,0.548845471,232,28,544,5.63,
17,Leguminosae,Melilotus,suaveolens,a,legume,Mel,non_clonal,H60D15,4,3.68,4.49,8.17,0.77054571,0.347075669,0.450428397,0.819599109,181,13,424.6,4.49,
17,Leguminosae,Melilotus,suaveolens,a,legume,Mel,non_clonal,H60D15,5,2.08,3.43,5.51,0.519670362,0.196173204,0.377495463,0.606413994,183,20,368,3.43,
17,Leguminosae,Melilotus,suaveolens,a,legume,Mel,non_clonal,H60D15,6,3.54,1.58,5.12,0.482887887,0.333871703,0.69140625,2.240506329,158,28,206.5,1.58,
17,Leguminosae,Melilotus,suaveolens,b,legume,Mel,non_clonal,H15D30,1,1.67,4.07,5.74,0.541362592,0.157504448,0.290940767,0.41031941,197,20,842.6,4.07,
17,Leguminosae,Melilotus,suaveolens,b,legume,Mel,non_clonal,H15D30,2,2.12,5.81,7.93,0.74791034,0.199945765,0.267339218,0.364888124,341,41,969.9,5.81,
17,Leguminosae,Melilotus,suaveolens,b,legume,Mel,non_clonal,H15D30,3,0.5,1.31,1.81,0.170708413,0.04715702,0.276243094,0.381679389,67,2,61.5,1.31,
17,Leguminosae,Melilotus,suaveolens,b,legume,Mel,non_clonal,H15D30,4,1.03,3.85,4.88,0.460252517,0.097143462,0.211065574,0.267532468,273,41,959.5,3.85,
17,Leguminosae,Melilotus,suaveolens,b,legume,Mel,non_clonal,H15D30,5,2.04,5.44,7.48,0.705469022,0.192400643,0.272727273,0.375,387,54,695,5.44,
17,Leguminosae,Melilotus,suaveolens,b,legume,Mel,non_clonal,H15D30,6,0.81,1.4,2.21,0.208434029,0.076394373,0.366515837,0.578571429,93,23,181,1.4,
17,Leguminosae,Melilotus,suaveolens,c,legume,Mel,non_clonal,H15D15,1,0.47,1.13,1.6,0.603609858,0.177310396,0.29375,0.415929204,98,17,368,1.13,
17,Leguminosae,Melilotus,suaveolens,c,legume,Mel,non_clonal,H15D15,2,2.52,2.13,4.65,1.754241151,0.950685527,0.541935484,1.183098592,173,14,209,2.13,
17,Leguminosae,Melilotus,suaveolens,c,legume,Mel,non_clonal,H15D15,3,1.64,2.3,3.94,1.486389276,0.618700105,0.416243655,0.713043478,125,14,292,2.3,
17,Leguminosae,Melilotus,suaveolens,c,legume,Mel,non_clonal,H15D15,4,1.15,2.52,3.67,1.384530112,0.433844586,0.313351499,0.456349206,146,,446,2.52,
17,Leguminosae,Melilotus,suaveolens,c,legume,Mel,non_clonal,H15D15,5,0.47,0.98,1.45,0.547021434,0.177310396,0.324137931,0.479591837,60,9,87.5,0.98,
17,Leguminosae,Melilotus,suaveolens,c,legume,Mel,non_clonal,H15D15,6,0.7,1.4,2.1,0.792237939,0.264079313,0.333333333,0.5,54,11,112,1.4,
18,Leguminosae,Trifolium,pratense,a,legume,Tri_pra,clonal,H60D15,1,0.33,0.96,1.29,0.121665112,0.031123633,0.255813953,0.34375,14,,,0.96,
18,Leguminosae,Trifolium,pratense,a,legume,Tri_pra,clonal,H60D15,2,0.29,1.16,1.45,0.136755359,0.027351072,0.2,0.25,15,,,1.16,
18,Leguminosae,Trifolium,pratense,a,legume,Tri_pra,clonal,H60D15,3,,,,,,,,,,,,
18,Leguminosae,Trifolium,pratense,a,legume,Tri_pra,clonal,H60D15,4,0.33,0.93,1.26,0.118835691,0.031123633,0.261904762,0.35483871,7,,,0.93,
18,Leguminosae,Trifolium,pratense,a,legume,Tri_pra,clonal,H60D15,5,0.11,0.51,0.62,0.058474705,0.010374544,0.177419355,0.215686275,8,,,0.51,
18,Leguminosae,Trifolium,pratense,a,legume,Tri_pra,clonal,H60D15,6,,,,,,,,,,,,
18,Leguminosae,Trifolium,pratense,b,legume,Tri_pra,clonal,H15D30,1,0.16,0.8,0.96,0.090541479,0.015090247,0.166666667,0.2,8,,,0.8,
18,Leguminosae,Trifolium,pratense,b,legume,Tri_pra,clonal,H15D30,2,,,,,,,,,,,,
18,Leguminosae,Trifolium,pratense,b,legume,Tri_pra,clonal,H15D30,3,0.18,0.84,1.02,0.096200321,0.016976527,0.176470588,0.214285714,14,,,0.84,
18,Leguminosae,Trifolium,pratense,b,legume,Tri_pra,clonal,H15D30,4,,,,,,,,,,,,
18,Leguminosae,Trifolium,pratense,b,legume,Tri_pra,clonal,H15D30,5,0.14,0.96,1.1,0.103745444,0.013203966,0.127272727,0.145833333,12,,,0.96,
18,Leguminosae,Trifolium,pratense,b,legume,Tri_pra,clonal,H15D30,6,,,,,,,,,,,,
18,Leguminosae,Trifolium,pratense,c,legume,Tri_pra,clonal,H15D15,1,,,,,,,,,,,,
18,Leguminosae,Trifolium,pratense,c,legume,Tri_pra,clonal,H15D15,2,0.17,0.74,0.91,0.343303107,0.064133548,0.186813187,0.22972973,7,,,0.74,
18,Leguminosae,Trifolium,pratense,c,legume,Tri_pra,clonal,H15D15,3,,,,,,,,,,,,
18,Leguminosae,Trifolium,pratense,c,legume,Tri_pra,clonal,H15D15,4,0.13,0.38,0.51,0.192400642,0.049043301,0.254901961,0.342105263,6,,,0.38,
18,Leguminosae,Trifolium,pratense,c,legume,Tri_pra,clonal,H15D15,5,0.14,0.67,0.81,0.305577491,0.052815863,0.172839506,0.208955224,13,,,0.67,
18,Leguminosae,Trifolium,pratense,c,legume,Tri_pra,clonal,H15D15,6,0.24,1.05,1.29,0.486660448,0.090541479,0.186046512,0.228571429,9,,,1.05,
19,Leguminosae,Trifolium,repens,a,legume,Tri_rep,clonal,H60D15,1,,,,,,,,,,,,
19,Leguminosae,Trifolium,repens,a,legume,Tri_rep,clonal,H60D15,2,,,,,,,,,,,,
19,Leguminosae,Trifolium,repens,a,legume,Tri_rep,clonal,H60D15,3,1.9,4.88,6.78,0.639449194,0.179196677,0.280235988,0.389344262,37,,,4.88,
19,Leguminosae,Trifolium,repens,a,legume,Tri_rep,clonal,H60D15,4,,,,,,,,,,,,
19,Leguminosae,Trifolium,repens,a,legume,Tri_rep,clonal,H60D15,5,0.69,1.23,1.92,0.181082957,0.065076688,0.359375,0.56097561,22,,,1.23,
19,Leguminosae,Trifolium,repens,a,legume,Tri_rep,clonal,H60D15,6,0.01,0.53,0.54,0.050929582,0.00094314,0.018518519,0.018867925,9,,,0.53,
19,Leguminosae,Trifolium,repens,b,legume,Tri_rep,clonal,H15D30,1,,,,,,,,,,,,
19,Leguminosae,Trifolium,repens,b,legume,Tri_rep,clonal,H15D30,2,0.38,2.58,2.96,0.279169559,0.035839335,0.128378378,0.147286822,25,,,2.58,
19,Leguminosae,Trifolium,repens,b,legume,Tri_rep,clonal,H15D30,3,0.29,1.97,2.26,0.213149731,0.027351072,0.128318584,0.147208122,17,,,1.97,
19,Leguminosae,Trifolium,repens,b,legume,Tri_rep,clonal,H15D30,4,0.21,1.39,1.6,0.150902465,0.019805949,0.13125,0.151079137,18,,,1.39,
19,Leguminosae,Trifolium,repens,b,legume,Tri_rep,clonal,H15D30,5,0.19,1.27,1.46,0.137698499,0.017919668,0.130136986,0.149606299,19,,,1.27,
19,Leguminosae,Trifolium,repens,b,legume,Tri_rep,clonal,H15D30,6,0.11,0.38,0.49,0.04621388,0.010374544,0.224489796,0.289473684,7,,,0.38,
19,Leguminosae,Trifolium,repens,c,legume,Tri_rep,clonal,H15D15,1,0.3,0.78,1.08,0.407436654,0.113176848,0.277777778,0.384615385,11,,,0.78,
19,Leguminosae,Trifolium,repens,c,legume,Tri_rep,clonal,H15D15,2,,,,,,,,,,,,
19,Leguminosae,Trifolium,repens,c,legume,Tri_rep,clonal,H15D15,3,0.6,0.94,1.54,0.580974489,0.226353697,0.38961039,0.638297872,10,,,0.94,
19,Leguminosae,Trifolium,repens,c,legume,Tri_rep,clonal,H15D15,4,1.05,3.36,4.41,1.663699672,0.396118969,0.238095238,0.3125,38,,,3.36,
19,Leguminosae,Trifolium,repens,c,legume,Tri_rep,clonal,H15D15,5,,,,,,,,,,,,
19,Leguminosae,Trifolium,repens,c,legume,Tri_rep,clonal,H15D15,6,0.08,0.2,0.28,0.105631725,0.030180493,0.285714286,0.4,4,,,0.2,
